Film,Vehicle
Dr. No,LaSalle Hearse
-1962,Chevrolet Bel-Air
,Chevrolet Impala
,Sunbeam Alpine
,Ford Zephyr
,Austin A55 Cambridge
,Quarrel's boat
,Crab Key Dragon
,Motorboat
From Russia with Love,Hiller UH-12E
-1963,Bentley 4 1/2 Liter Sports Tourer
,Rolls Royce Phantom V
,Citroën Traction Avant
,Ford station wagon - 1960
,Istanbul Taxi
,Chevrolet delivery vehicle
,Fairey Huntress 23
,Fairey Huntsman 28
,Venezian Watertaxi
Goldfinger,Aston Martin DB5
-1964,Rolls Royce Phantom III
,Ford Mustang convertible
,Mercedes-Benz 180
,Mercedes-Benz 220
,Lockheed C-140 Jetstar
,Piper Cherokee PA-28
,Ford Ranchero
,Ford Country Squire station wagon
,Lincoln Continental
,Ford millitary pickup
,Hiller UH-12E4
,Lincoln Continental convertible - 1964
Thunderball,Bell Aerosystems Rocketbelt
-1965,Aston Martin DB5
,Ford Skyliner - 1957
,Avro Vulcan B.1
,BSA A65 Lightning
,'Disco Volante' Hydrofoil yacht
,Underwater-sledge
,Buehler Turbocraft
,Ford Mustang convertible
,Bell 47J
,Lincoln Continental convertible
,Morris Minor 1000 cabriolet
,Ford station wagon - 1965
,Sikorsky S-62
,Small underwater sledge
,Boeing B-17 - Rescue plane
Casino Royale,Supercharged Bentley
-1967,Jaguar E Roadster
,Bedford milk car
,Citroën police car
,Lotus Formula 3 race car
,Mercedes-Benz
,Golden 3-wheeler
You Only Live Twice,British submarine M1
-1967,Toyota 2000 GT
,Dodge Polara - 1964
,Japanese taxi
,Brantley B2
,Toyota Crown 2300
,Kawasaki/Boeing KV-107II
,Meyers 200D
,Wallis WA-116 autogyro
,Kawasaki/Bell 47G-3
,Aerospatiale Alouette 316B
On Her Majestys Secret Service,Aston Martin DBS
-1969,Ford Mercury Cougar convertible
,Rolls Royce Silver Cloud I convertible
,Bell 206 Jet Ranger
,Mercedes-Benz sedan
,Bell 204 HUEY
,Mercedes-Benz 600
Diamonds Are Forever,Hughes 500/OH-6A Cayuse
-1971,Triumph Stag
,Cadillac hearse - 1968
,Ford Mustang Mach 1
,Ford Van
,Moon Buggy
,Ford sedan
,Honda ATC 90
,U.S. sedans
,Ford Thunderbird
,Ford - 1969
,Plane
,Bell 206 Jet Ranger
Live and Let Die,Chevrolet Bel Air - 1973
-1973,Cadillac El Dorado - 1972
,Checker Marathon
Glastron GT 150 James Bond’s boat in “Live and Let Die” See the boat in The James Bond 007 Museum Nybro Sweden,U.S. sedans
,Mini Moke
,Quarrel juniors boat
,Chevrolet Impala - 1963
,Bell 206 Jet Ranger
,AEC Regent III
,Chevrolet Nova
,Cessna 172
,Chevrolet Impala - 1973
,Glastron GT-150
The Man with the Golden Gun,Cairo Taxi
-1974,Chinese junk
,MGB
,Hong Kong Harbour Patrol boat
,Mercedes-Benz 240D
,Bangkok Longtail-boat
,AMC Matador coupe
,AMC Hornet hatcback special coupe
,Republic RC-3 Sea Bee
The Spy Who Loved Me,Westland HH-3 Sea King
-1977,Bell 206 Jet Ranger
,Leyland Sherpa Van
,Lotus Esprit
,Motorboat
,Kawasaki Z900 with sidecar
,Ford Taunus
,Perry submarine
,Westland Wessex HC Mk 2
,Submarine 'USS Wayne'
,Tanker 'Liparus'
,Wetbike
Moonraker,NASA/Rockwell International Shuttle Spacecraft
-1979,Jetstream Turboprop plane
,Bell 206 Jet Ranger
  ,Hispano-Suiza
,Venezian Gondola
,Rolls Royce Silver Shadow
,MP Roadster
James Bond Gondola from Venice in,Rio Ambulance
James Bond 007Museum Nybro Sweden,Glastron speedboat with hangglider
,
For Your Eyes Only,Yacht TRIANA
-1981,Submarine 'Neptune'
,Bell 206 Jet Ranger
,Lotus Esprit Turbo 2.2
,Citroën 2CV
,Peugeot 504
,Yamaha XJ500 motorcycle
,Rolls Royce Silver Shadow
,Beach Buggy
,Mercedes-Benz
,Colombos Yacht
,PZL-3A helicopter
Octopussy,Military truck
-1983,Range Rover convertible
,Acrostar Mini Jet (Bede Jet)
,Mercedes-Benz 600 Pullman
,Aerospatiale Alouette 316B
,Indian Tuk-Tuk Taxi
,Willys jeep
,Rolls Royce Phantom III
,Mercedes-Benz 250 SE
,Mercedes-Benz 240D
,VW beetle
,Alfa Romeo GTV6
,BMW 5 series sedan
,BMW motorcycle
,Hot-air balloon
,Beechcraft C-45
Never Say Never Again,Bentley
-1983,Ford Taunus
,Rockwell B-1A Lancer
,Mercedes-Benz SL convertible
,'The Flying Saucer' yacht
,Fatima's boat
,Girl's boat
,326 Nicole's car
,Renault Turbo2 - 1983
,Yamaha XJ 650 Turbo
,Peugeot
,Chevrolet Camaro SS
,US Navy submarine
,Rubber Dinghy
,XT-7B
,Navy helicopter
A View to a Kill,MBB Bo-105 helicopter
-1985,Polaris Indy 600
,Iceberg submarine
,Renault 11 taxi
,Peugeot 604 Limousine
,Rolls Royce Silver Cloud
,Chevrolet Corvette
,Jeep Cherokee
,US Sedan (Ford LTD)
,American LaFrance Fire Truck
,Truck with explosives
,SkyShip 500
The Living Daylights,Transport Allianz C-160 Transall
-1987,Land Rover Series III
,Moonmaiden II
,Lada 1500
,Audi 200 Quattro
,Aston Martin Vantage/Volante V8
,Iveco Ford Cargo truck
,Audi 200 Quattro stationcar
,Chevrolet Impala convertible
,Red Crescent Ambulance
,Lockheed Hercules C-130
,Airporttractor with staircase
,Military truck
,Land Rover Lightweight
License to Kill,Rolls Royce Silver Cloud II
-1989,Aerospatiale HH-65A Dauphin
,Cessna 172
,Lincoln Mark VII LSC
,Wavechrest
,Cessna 150 Seaplane
,Cigarette 1 Cafe Racer
,Rolls Royce Silver Shadow
,Harbour Pilot's boat
,Maserati Biturbo
,Piper PA-18-150 Super Cub
,Electric golfcar
,Kenworth W900B truck
Goldeneye,Pilatus PC-6/B2-H4 Turbo-Porter
-1995,Cagiva 600 W 16
BMW Z 3 from ,Aston Martin DB5
 in The James Bond Museum Nybro. BMW Z3 Goldeneye,Ferrari 355 GTS
,Yacht Manticore
,Eurocopter PAH-2 Tiger
,Speedboat
,BMW Z3 roadster
,ZAZ-965A
,Mercedes-Benz 280E
,GAZ-3102 Volga
,Russian T-55 tank
,Robinson R-22 Beta
,Cessna 172
,Eurocopter 355 Twin Star
,Bell 204 HUEY
Tomorrow Never Dies,Aero L-39 Albatros Z0
-1997,
BMW 1200 Cruiser Motorcycle from Tomorrow Never Dies ,
,Stealth Boat
,Aston Martin DB5
,Daimler Limousine
,BMW 750iL
,Mercedes-Benz
,Opel Senator 3.0i
,Ford Sierra
,Sikorsky S-65
,Transport Allianz C-160 Transall
,Eurocopter 350B A-Star
,BMW Cruiser R 1200C
,Range Rover
,Chinese junk
,Black Rubber Dinghy
The World Is Not Enough,Bentz Q-boat
-1999,Sunseeker Superhawk 34
,Hot-air balloon
,BMW Z8
,Eurocopter 355 Twin Star
,Aerospatiale HH-65A Dauphin
,Parahawk
,Lada Niva 4WD
,Casa C-212-200 Aviocar
,Military Jeep
,M's Helicopter
,Rolls Royce Silver Shadow
,Motorboat
,Russian Atomic submarine
Die Another Day,Mil Mi-8/17
-2002,Military Jeep
,Jaguar XKR convertible
,Osprey 5 MkII hovercraft
,Griffon 2000TD-35 hovercraft
,Ford Skyliner - 1957
Bombardier Ski-Doo MX Z (E) 600 HO (R) snowmobile Bond film. Die Another Day,MD Explorer Helicopter
,Range Rover
,Aston Martin V12 Vanquish
,Ice Dragster
,Ford Thunderbird
,Ski-Doo MX Z-REV Sport
,Antonov AN-124-100
,Boing CH-47 Chinook
,Military jeep
,MD 600N Helicopter
Casino Royale,New Holland W190 Wheel Loader
-2006,Ford Van
,Sunseeker Predator 108
,Ford Mondeo
,Range Rover Sport HSR
,Aston Martin DB5
   ,Miami Taxi
,Truck with jetfuel
,MD 600N Helicopter
,Bentley
Aston Martin V8 2007 James Bond 007 Museum Nybro Sweden,Aston Martin DBS - 2007
,Le Chiffres car
,Spirit 54
Quantum Of Solace,Aston Martin DBS - 2007
-2008,Alfa Romeo 159
,Land Rover Series III
,Range Rover Sport HSR
,Haitian taxi
,Ford Ka
,Motorcycle
,Sunseeker Superhawk 43
,Small fisherboat
,Avon 18' inflatable
,Haitian fisherboat
,Ford Bronco
,Jaguar Daimler double-Six
,Volvo S40
,Sunseeker Sovereign 17
,Bolivian Taxi
,Range Rover Sport HSR
,Police motorcycle
,DC-3
,Siai-Marchetti SF-260TP
,Bell 204 HUEY
,VW beetle
,Ford Edge
Skyfall,Aston Martin DB5
-2012,Audi A5 Villain
,Land Rover Defender
,Range Rover (L322)
,Jaguar XJ (X351)
,Land Rover Discovery 4
,Mercedes S400
,
,AgustaWestland AW101
,Augusta Westland Wildcat
