Film,Location
Dr. No,"MI6 Headquarters, London, England"
Dr. No,"Crab Key, Jamaica"
From Russia with Love,"MI6 Headquarters, London, England"
From Russia with Love,"Istanbul, Turkey"
From Russia with Love,"Zagreb, Yugoslavia"
From Russia with Love,"Venice, Italy"
Goldfinger,"MI6 Headquarters, London, England"
Goldfinger,"Kent, England"
Goldfinger,"Miami, Florida"
Goldfinger,"Geneva, Switzerland"
Goldfinger,"Fort Knox, Kentucky, USA"
Thunderball,"MI6 Headquarters, London, England"
Thunderball,"Paradise Island, Bahamas"
Thunderball,"Paris, France"
You Only Live Twice,"MI6 Headquarters, London, England"
You Only Live Twice,"Hong Kong, Macau"
You Only Live Twice,"Tokyo, Japan"
On Her Majesty’s Secret Service,"MI6 Headquarters, London, England"
On Her Majesty’s Secret Service,"Estoril, Portugal"
On Her Majesty’s Secret Service,"Bern, Switzerland"
Diamonds Are Forever,"MI6 Headquarters, London, England"
Diamonds Are Forever,"Amsterdam, Netherlands"
Diamonds Are Forever,South Africa
Diamonds Are Forever,"Las Vegas, Nevada, USA"
Diamonds Are Forever,"Los Angeles, California, USA"
Diamonds Are Forever,"Baja California, Mexico"
Live and Let Die,"Ocho Rios, Jamaica"
Live and Let Die,"New Orleans, Louisiana, USA"
Live and Let Die,"New York City, New York, USA"
The Man with the Golden Gun,"MI6 Headquarters, London, England"
The Man with the Golden Gun,"Beirut, Lebanon"
The Man with the Golden Gun,"Hong Kong, Macau"
The Man with the Golden Gun,"Bangkok, Thailand"
The Man with the Golden Gun,"Phuket, Thailand"
The Spy Who Loved Me,"MI6 Headquarters, London, England"
The Spy Who Loved Me,"Costa Smeralda, Sardinia, Italy"
The Spy Who Loved Me,"Cairo, Egypt"
The Spy Who Loved Me,Austrian Alps
Moonraker,"MI6 Headquarters, London, England"
Moonraker,"Los Angeles, California, USA"
Moonraker,"Rio de Janeiro, Brazil"
Moonraker,"Venice, Italy"
For Your Eyes Only,"MI6 Headquarters, London, England"
For Your Eyes Only,"Corfu and Meteora, Greece"
For Your Eyes Only,"Nassau, Bahamas"
For Your Eyes Only,"Cortina d’Ampezzo, Italy
"
Octopussy,"MI6 Headquarters, London, England"
Octopussy,"Udaipur, India"
Octopussy,"Berlin, Germany"
A View to a Kill,"MI6 Headquarters, London, England"
A View to a Kill,"Ascot, England"
A View to a Kill,"Paris, France"
A View to a Kill,"San Francisco, California, USA"
The Living Daylights,"MI6 Headquarters, London, England"
The Living Daylights,"Vienna, Austria"
The Living Daylights,The Rock of Gibraltar
The Living Daylights,"Tangier, Morocco"
Licence to Kill,"MI6 Headquarters, London, England"
Licence to Kill,"Key West, Florida, USA"
Licence to Kill,"Acapulco, Mexico"
Licence to Kill,"Mexico City, Mexico"
GoldenEye,"MI6 Headquarters, London, England"
GoldenEye,"Monte Carlo, Monaco"
GoldenEye,"St. Petersburg, Russia"
GoldenEye,"Arecibo, Puerto Rico"
GoldenEye,Siberia
GoldenEye,"Arkhangelsk, Russia"
Tomorrow Never Dies,"MI6 Headquarters, London, England"
Tomorrow Never Dies,"Khyber Pass, Pakistan"
Tomorrow Never Dies,"Hamburg, Germany"
Tomorrow Never Dies,South China Sea
Tomorrow Never Dies,"Bangkok, Thailand"
The World Is Not Enough,"MI6 Headquarters, London, England"
The World Is Not Enough,"Bilbao, Spain"
The World Is Not Enough,"Eilean Dolan Castle, Ross-shire, Scotland"
The World Is Not Enough,"Baku, Azerbaijan"
The World Is Not Enough,"Istanbul, Turkey"
Die Another Day,"MI6 Headquarters, London, England"
Die Another Day,"Cadiz, Spain"
Die Another Day,"St. James’s, London, England"
Die Another Day,"Jokulsarlon, Iceland"
Die Another Day,South Korea
Die Another Day,"Havana, Cuba"
Die Another Day,"Maui, Hawaii, USA"
Die Another Day,"Svalbard, Norway"
Casino Royale,"Venice, Italy"
Casino Royale,"Nassau, Bahamas"
Casino Royale,"Prague, Czech Republic"
Casino Royale,"London, England"
Casino Royale,Madagascar
Casino Royale,Montenegro
quantum of Solace,"Panama City, Panama"
quantum of Solace,"Bregenz, Austria"
quantum of Solace,"Madrid, Spain"
quantum of Solace,"Cusco, Peru"
quantum of Solace,"London, England"
quantum of Solace,"Siena, Italy"
quantum of Solace,"Santiago, Chile"
Skyfall,"Adana, Turkey"
Skyfall,"Glencoe, Scotland"
Skyfall,"Hashima Island, Nagasaki, Japan"
Skyfall,"Istanbul, Turkey"
Skyfall,"London, England"
Skyfall,"Shanghai, China"
Spectre,"London, England"
Spectre,"Mexico City, Mexico"
Spectre,"Rome, Italy"
Spectre,"Soelden, Austria"
Spectre,"Oujda, Morocco"
Spectre,"Tangier, Morocco"
Spectre,"Erfoud, Morocco"
